rbp_id	selected_rank	window_id	window_start	window_end	window_len	window_source	window_domain	confidence	fusion_weight_basis	selection_mode	conflict_aware_score	prior_alpha	final_prior_alpha	final_motif_group_prior_alpha_cap	prior_corr	prior_cohesion	prior_neighbor_ids	prior_neighbor_signature	shared_prior_signature_count	prior_source	domain_query	domain_filter_mode	domain_neighbor_pool	motif_group_conflict	conflict_groups	best_uc_window	best_g_window	motif_group	motif_group_score	motif_group_margin	motif_group_uc_weight	motif_group_g_weight	motif_group_other_weight	confidence_neighbor	confidence_cohesion	confidence_signal	confidence_length	top1_neighbor_sim	top5_neighbor_sim	top1_score	top_mean_score	background_median	signal_margin
AtGRP7	1	AtGRP7|full	1	176	176	sliding		0.9822223373031426	0.9822223373031426	conflict_aware	0.9401705275960591	0.5998235463608559	0.2	0.2	0.8893209031009901	0.6246691494266049	RNCMPT00368|RNCMPT00862|RNCMPT00263|RNCMPT00370|RNCMPT00205|RNCMPT00050|RNCMPT00072|RNCMPT00238	RNCMPT00368|RNCMPT00862|RNCMPT00263|RNCMPT00370	1	motif_group:G-rich		prefer	348	0	G-rich		AtGRP7|full	G-rich	1.0	1.0	0.0	1.0	0.0	0.9996379979661915	0.9997616124063721	0.9297316629483283	1.0	0.9538798928260803	0.9173099398612976	2.939281463623047	1.9710613489151	-0.0784834772348404	2.0495448261499405
AtGRP8	1	AtGRP8|full	1	169	169	sliding		0.982494018323968	0.982494018323968	conflict_aware	0.9344276863358699	0.5745364014235527	0.2	0.2	0.8642641782602419	0.5772557526691612	RNCMPT00368|RNCMPT00263|RNCMPT00862|RNCMPT00370|RNCMPT00205|RNCMPT00157|RNCMPT00050|RNCMPT00230	RNCMPT00368|RNCMPT00263|RNCMPT00862|RNCMPT00370	1	motif_group:G-rich		prefer	348	0	G-rich		AtGRP8|full	G-rich	1.0	1.0	0.0	1.0	0.0	0.9996572040873126	0.9997747512354462	0.9307733049503524	1.0	0.9582425951957703	0.9218463897705078	2.8531949520111084	1.9688841104507446	-0.09029340744018555	2.05917751789093
LOC_Os05g24160.1	1	LOC_Os05g24160.1|1-256	1	256	256	sliding		0.9433079710569081	0.9433079710569081	conflict_aware	0.9063895772320097	0.6915349051207966	0.2	0.2	0.6009829847683585	0.7966279471014938	RNCMPT00306|RNCMPT00268|RNCMPT00220|RNCMPT00788	RNCMPT00306|RNCMPT00268|RNCMPT00220|RNCMPT00788	1	motif_group:UC-rich		prefer	348	0	UC-rich	LOC_Os05g24160.1|full		UC-rich	1.0	1.0	1.0	0.0	0.0	0.998507911569387	0.9988983591407153	0.7767989560901638	1.0	0.8404868245124817	0.7947881817817688	2.3106837272644043	1.2596769332885742	0.01141173392534256	1.2482651993632317
