rbp_id	selected_rank	window_id	window_start	window_end	window_len	window_source	window_domain	confidence	fusion_weight_basis	selection_mode	conflict_aware_score	prior_alpha	final_prior_alpha	final_motif_group_prior_alpha_cap	prior_corr	prior_cohesion	prior_neighbor_ids	prior_neighbor_signature	shared_prior_signature_count	prior_source	domain_query	domain_filter_mode	domain_neighbor_pool	motif_group_conflict	conflict_groups	best_uc_window	best_g_window	motif_group	motif_group_score	motif_group_margin	motif_group_uc_weight	motif_group_g_weight	motif_group_other_weight	confidence_neighbor	confidence_cohesion	confidence_signal	confidence_length	top1_neighbor_sim	top5_neighbor_sim	top1_score	top_mean_score	background_median	signal_margin
AtGRP7	1	AtGRP7|full	1	176	176	sliding		0.9890273942768585	0.9890273942768585	conflict_aware	0.942591908361688	0.5821567875349899	0.05	0.2	0.8750607690991348	0.591543976628106	RNCMPT00368|RNCMPT00862|RNCMPT00263|RNCMPT00370|RNCMPT00050|RNCMPT00474|RNCMPT00157|RNCMPT00072	RNCMPT00368|RNCMPT00862|RNCMPT00263|RNCMPT00370	2	motif_group:G-rich		prefer	348	0	G-rich		AtGRP7|full	G-rich	1.0	1.0	0.0	1.0	0.0	0.9996874240173287	0.9997995652867996	0.9568325616468022	1.0	0.9656280279159546	0.9311857223510742	3.4422802925109863	2.2679684162139893	-0.09115675091743469	2.359125167131424
AtGRP8	1	AtGRP8|full	1	169	169	sliding		0.9892223440010541	0.9892223440010541	conflict_aware	0.9467095520712414	0.6033857407113521	0.05	0.2	0.8742212476047366	0.6313482638337852	RNCMPT00368|RNCMPT00862|RNCMPT00263|RNCMPT00370|RNCMPT00050|RNCMPT00157|RNCMPT00474|RNCMPT00366	RNCMPT00368|RNCMPT00862|RNCMPT00263|RNCMPT00370	2	motif_group:G-rich		prefer	348	0	G-rich		AtGRP8|full	G-rich	1.0	1.0	0.0	1.0	0.0	0.9997044322534515	0.9998113898745283	0.957572286048381	1.0	0.9701053500175476	0.9360511898994446	3.3571269512176514	2.269497871398926	-0.10046178847551346	2.3699596598744392
LOC_Os05g24160.1	1	LOC_Os05g24160.1|1-256	1	256	256	sliding		0.9511274284931689	0.9511274284931689	conflict_aware	0.9138015320319818	0.6915349051207966	0.2	0.2	0.6021331383258446	0.7966279471014938	RNCMPT00306|RNCMPT00268|RNCMPT00220|RNCMPT00788	RNCMPT00306|RNCMPT00268|RNCMPT00220|RNCMPT00788	1	motif_group:UC-rich		prefer	348	0	UC-rich	LOC_Os05g24160.1|1-256		UC-rich	1.0	1.0	1.0	0.0	0.0	0.998686699631622	0.9991130646869358	0.8075832028862078	1.0	0.8507118225097656	0.8121480941772461	2.3451638221740723	1.3626104593276978	0.001981109380722046	1.3606293499469757
